 market ,market_category
 News ,News & Media & Publushing
 Games ,Technology
 Tourism ,Travel
 Software ,Technology
 Health and Wellness ,Health & Wellness
 Real Estate ,Real Estate
 E-Commerce ,Technology
 Search ,Technology
 Curated Web ,Technology
 Health Care Information Technology ,Health & Wellness
 Analytics ,Technology
 Electronics ,Science & Engineering & Electronics
 Biotechnology ,Biotech & Pharma
 Enterprise Software ,Technology
 Sports ,Health & Wellness
 Pharmaceuticals ,Biotech & Pharma
 Manufacturing ,Manufacturing
 Advertising ,Marketing
 Entertainment ,Leisure & Entertainment
 Designers ,Art & Fashion & Music
 Lifestyle ,Leisure & Entertainment
 Video Chat ,Technology
 Social Media ,Technology
 Financial Services ,Finance & Business
 Art ,Art & Fashion & Music
 Big Data ,Technology
 Finance ,Finance & Business
 Hardware + Software ,Technology
 Social Fundraising ,Finance & Business
 Clean Technology ,Energy
 Outsourcing ,Finance & Business
 Corporate IT ,Technology
 Mobile Social ,Technology
 Messaging ,Technology
 Photography ,Art & Fashion & Music
 Transportation ,Transportation
 Consumer Electronics ,Science & Engineering & Electronics
 Services ,Consumer Services
 Bitcoin ,Technology
 Mobile ,Buildings & Infrastructure & Telecomm
 Electronic Health Records ,Health & Wellness
 Customer Service ,Finance & Business
 3D ,Science & Engineering & Electronics
 Drones ,Science & Engineering & Electronics
 Physicians ,Health & Wellness
 Automotive ,Transportation
 Retail ,Finance & Business
 3D Printing ,Science & Engineering & Electronics
 Music ,Art & Fashion & Music
 Web Hosting ,Technology
 Human Resources ,Finance & Business
 Security ,Technology
 Flash Storage ,Technology
 Machine Learning ,Technology
 Entrepreneur ,Finance & Business
 Commercial Real Estate ,Real Estate
 Web Design ,Technology
 Cloud Computing ,Technology
 Kids ,People
 Women ,People
 Technology ,Technology
 Medical ,Health & Wellness
 Video ,Technology
 Distribution ,Transportation
 Mobile Games ,Technology
 Internet Marketing ,Marketing
 Predictive Analytics ,Technology
 Nanotechnology ,Science & Engineering & Electronics
 Small and Medium Businesses ,Finance & Business
 SEO ,Technology
 Digital Entertainment ,Leisure & Entertainment
 Virtual Worlds ,Technology
 Fashion ,Art & Fashion & Music
 Telecommunications ,Finance & Business
 Consulting ,Finance & Business
 Design ,Art & Fashion & Music
 SaaS ,Technology
 Mobile Payments ,Finance & Business
 Travel & Tourism ,Travel
 Social Games ,Technology
 Hospitality ,Travel
 Water Purification ,Science & Engineering & Electronics
 Business Productivity ,Finance & Business
 Communications Hardware ,Technology
 Batteries ,Science & Engineering & Electronics
 Advertising Platforms ,Marketing
 Health Care ,Health & Wellness
 Fitness ,Health & Wellness
 Cloud Infrastructure ,Technology
 Accounting ,Finance & Business
 Online Travel ,Travel
 Sales and Marketing ,Marketing
 M2M ,Technology
 Solar ,Energy
 Identity Management ,Technology
 Business Services ,Finance & Business
 Education ,Education
 Apps ,Technology
 Medical Devices ,Health & Wellness
 Cloud Management ,Technology
 Career Management ,Finance & Business
 Payments ,Finance & Business
 Nonprofits ,Finance & Business
 Recruiting ,Finance & Business
 Semiconductors ,Science & Engineering & Electronics
 Healthcare Services ,Health & Wellness
 Internet Radio Market ,Marketing
 Media ,News & Media & Publushing
 Marketplaces ,Marketing
 Public Relations ,Finance & Business
 Technical Continuing Education ,Education
 P2P Money Transfer ,Finance & Business
 Incentives ,Other
 Gamification ,Technology
 Internet of Things ,Technology
 Networking ,Technology
 Android ,Technology
 Semantic Search ,Technology
 Marketing Automation ,Marketing
 Internet ,Technology
 Collectibles ,Art & Fashion & Music
 Business Intelligence ,Technology
 Mobile Security ,Technology
 Ad Targeting ,Marketing
 Development Platforms ,Technology
 Mass Customization ,Technology
 Social Media Advertising ,Marketing
 Television ,Leisure & Entertainment
 Bio-Pharm ,Biotech & Pharma
 Semantic Web ,Technology
 Collaboration ,Technology
 Assisitive Technology ,Technology
 Publishing ,News & Media & Publushing
 Industrial ,Manufacturing
 Trusted Networks ,Technology
 Data Visualization ,Technology
 Social Buying ,Finance & Business
 Optimization ,Science & Engineering & Electronics
 Application Platforms ,Technology
 Real Time ,Technology
 Local Based Services ,Finance & Business
 Travel ,Travel
 Creative ,Art & Fashion & Music
 Auctions ,Finance & Business
 RIM ,Other
 Displays ,Marketing
 Social Commerce ,Finance & Business
 Hospitals ,Health & Wellness
 Outdoor Advertising ,Marketing
 Mobile Advertising ,Marketing
 Clean Energy ,Energy
 App Marketing ,Marketing
 Adventure Travel ,Travel
 Legal ,Finance & Business
 Therapeutics ,Health & Wellness
 Consumers ,Consumer Services
 Wireless ,Technology
 Product Development Services ,Finance & Business
 Finance Technology ,Finance & Business
 Cloud Data Services ,Technology
 Food Processing ,Food & Drink
 Privacy ,Technology
 Match-Making ,Leisure & Entertainment
 Startups ,Technology
 Insurance ,Finance & Business
 Retail Technology ,Finance & Business
 Gps ,Technology
 Twitter Applications ,Technology
 Mobility ,Technology
 Agriculture ,Science & Engineering & Electronics
 Social Bookmarking ,Consumer Services
 Public Transportation ,Transportation
 Content Syndication ,News & Media & Publushing
 Sensors ,Science & Engineering & Electronics
 Developer APIs ,Technology
 Aerospace ,Science & Engineering & Electronics
 Coupons ,Finance & Business
 iPhone ,Technology
 Groceries ,Food & Drink
 Personal Branding ,Finance & Business
 Lighting ,Buildings & Infrastructure & Telecomm
 Local Search ,Technology
 Computer Vision ,Technology
 Credit ,Finance & Business
 Cloud Security ,Technology
 Craigslist Killers ,Consumer Services
 Information Services ,Technology
 Construction ,Buildings & Infrastructure & Telecomm
 Consumer Goods ,Finance & Business
 iOS ,Technology
 Data Mining ,Technology
 Local Businesses ,Technology
 Carbon ,Science & Engineering & Electronics
 Open Source ,Technology
 iPad ,Technology
 Stock Exchanges ,Finance & Business
 Financial Exchanges ,Finance & Business
 Computers ,Technology
 DOD/Military ,Government
 Big Data Analytics ,Technology
 Colleges ,Education
 Data Integration ,Technology
 Digital Media ,News & Media & Publushing
 College Recruiting ,Education
 Alumni ,Education
 Social Media Monitoring ,Technology
 Reviews and Recommendations ,Consumer Services
 Broadcasting ,News & Media & Publushing
 Trading ,Finance & Business
 Pets ,Leisure & Entertainment
 Portals ,Other
 Communities ,Consumer Services
 Energy ,Energy
 Smart Grid ,Science & Engineering & Electronics
 Brand Marketing ,Marketing
 Logistics ,Transportation
 Chemicals ,Science & Engineering & Electronics
 Databases ,Technology
 Venture Capital ,Finance & Business
 Craft Beer ,Food & Drink
 Bioinformatics ,Technology
 Non Profit ,Finance & Business
 Online Dating ,Leisure & Entertainment
 Opinions ,News & Media & Publushing
 Information Technology ,Technology
 Location Based Services ,Technology
 Reputation ,Finance & Business
 Shopping ,Retail
 Subscription Businesses ,Finance & Business
 Mobile Software Tools ,Technology
 Ticketing ,Leisure & Entertainment
 Content Creators ,News & Media & Publushing
 Mobile Enterprise ,Technology
 Online Rental ,Real Estate
 Training ,Finance & Business
 Real Estate Investors ,Real Estate
 Facebook Applications ,Technology
 Homeland Security ,Government
 Mobile Devices ,Technology
 Developer Tools ,Technology
 Loyalty Programs ,Finance & Business
 PaaS ,Technology
 Restaurants ,Food & Drink
 Application Performance Monitoring ,Technology
 Genetic Testing ,Biotech & Pharma
 Testing ,Other
 User Experience Design ,Technology
 Enterprises ,Technology
 QR Codes ,Technology
 Virtualization ,Technology
 Cyber Security ,Technology
 Distributed Generation ,Technology
 Energy Management ,Energy
 Angels ,Other
 Online Gaming ,Technology
 Online Scheduling ,Finance & Business
 Universities ,Education
 Business Analytics ,Technology
 Defense ,Government
 Mobile Commerce ,Technology
 Web Tools ,Technology
 Video Games ,Technology
 Home Decor ,Leisure & Entertainment
 Identity ,Other
 Diabetes ,Health & Wellness
 Diagnostics ,Health & Wellness
 Oil and Gas ,Energy
 Social Network Media ,News & Media & Publushing
 Knowledge Management ,News & Media & Publushing
 Tracking ,Technology
 RFID ,Science & Engineering & Electronics
 Freelancers ,News & Media & Publushing
 E-Commerce Platforms ,Technology
 Productivity Software ,Technology
 Home Automation ,Technology
 Email ,Technology
 Artificial Intelligence ,Technology
 Tablets ,Technology
 Contact Management ,Finance & Business
 Industrial Automation ,Technology
 Content Delivery ,News & Media & Publushing
 Monetization ,Finance & Business
 Augmented Reality ,Technology
 Business Development ,Finance & Business
 Life Sciences ,Science & Engineering & Electronics
 Service Providers ,Finance & Business
 Hardware ,Technology
 Web CMS ,Technology
 Local Advertising ,Marketing
 Creative Industries ,Art & Fashion & Music
 Video Conferencing ,Technology
 Unifed Communications ,Technology
 SMS ,Technology
 Logistics Company ,Transportation
 Network Security ,Technology
 Direct Marketing ,Marketing
 Farmers Market ,Food & Drink
 Video Streaming ,Technology
 Baby Accessories ,People
 Parenting ,People
 Chat ,Technology
 Crowdfunding ,Finance & Business
 Social Travel ,Travel
 Online Shopping ,Retail
 Music Services ,Art & Fashion & Music
 Email Marketing ,Marketing
 VoIP ,Technology
 Personal Finance ,Finance & Business
 Social Search ,Technology
 Water ,Food & Drink
 Peer-to-Peer ,Technology
 Organic ,Food & Drink
 CRM ,Finance & Business
 Project Management ,Finance & Business
 Jewelry ,Apparel
 Risk Management ,Finance & Business
 Beauty ,Health & Wellness
 Market Research ,Marketing
 Wine And Spirits ,Food & Drink
 Collaborative Consumption ,Consumer Services
 Web Development ,Technology
 Babies ,People
 Medical Professionals ,Health & Wellness
 Film ,Art & Fashion & Music
 Nutrition ,Health & Wellness
 Incubators ,Finance & Business
 Coworking ,Finance & Business
 Fantasy Sports ,Leisure & Entertainment
 3D Technology ,Science & Engineering & Electronics
 Content ,News & Media & Publushing
 Events ,News & Media & Publushing
 Game Mechanics ,Technology
 IT and Cybersecurity ,Technology
 Teenagers ,People
 Dental ,Health & Wellness
 Mobile Health ,Health & Wellness
 Maps ,Technology
 mHealth ,Health & Wellness
 Synthetic Biology ,Biotech & Pharma
 Tutoring ,Education
 Consumer Lending ,Finance & Business
 Advice ,Consumer Services
 Social Media Marketing ,Marketing
 Office Space ,Buildings & Infrastructure & Telecomm
 Infrastructure ,Technology
 Semiconductor Manufacturing Equipment ,Science & Engineering & Electronics
 Robotics ,Science & Engineering & Electronics
 Storage ,Technology
 Blogging Platforms ,Technology
 Photo Sharing ,Art & Fashion & Music
 Wholesale ,Finance & Business
 Image Recognition ,Technology
 Weddings ,Leisure & Entertainment
 Flash Sales ,Finance & Business
 Cooking ,Food & Drink
 Coffee ,Food & Drink
 Recycling ,Science & Engineering & Electronics
 IaaS ,Technology
 Credit Cards ,Finance & Business
 Home & Garden ,Leisure & Entertainment
 Ediscovery ,Finance & Business
 Boating Industry ,Finance & Business
 Textiles ,Apparel
 Price Comparison ,Consumer Services
 Customer Support Tools ,Finance & Business
 Shoes ,Apparel
 Teachers ,Education
 Textbooks ,Education
 E-Books ,Technology
 Event Management ,Finance & Business
 Tech Field Support ,Technology
 Personalization ,Technology
 K-12 Education ,Education
 Spas ,Health & Wellness
 File Sharing ,Technology
 World Domination ,Other
 Personal Health ,Health & Wellness
 Private Social Networking ,Technology
 Moneymaking ,Finance & Business
 Local ,Finance & Business
 Printing ,Technology
 Social Media Platforms ,Technology
 Home Renovation ,Consumer Services
 Crowdsourcing ,Finance & Business
 Politics ,Government
 Organic Food ,Food & Drink
 Lead Generation ,Finance & Business
 Bridging Online and Offline ,Other
 Biometrics ,Biotech & Pharma
 Navigation ,Technology
 MicroBlogging ,News & Media & Publushing
 Lead Management ,Finance & Business
 Hotels ,Travel
 Group Buying ,Finance & Business
 Search Marketing ,Marketing
 Utilities ,Energy
 Digital Rights Management ,Finance & Business
 Medical Marijuana Patients ,Health & Wellness
 Social Business ,Finance & Business
 Banking ,Finance & Business
 Health and Insurance ,Health & Wellness
 Data Centers ,Technology
 Communications Infrastructure ,Technology
 All Markets ,Other
 Charter Schools ,Education
 Gift Card ,Finance & Business
 Auto ,Transportation
 Staffing Firms ,Finance & Business
 Senior Citizens ,Health & Wellness
 Elder Care ,Health & Wellness
 Oil & Gas ,Energy
 Advanced Materials ,Science & Engineering & Electronics
 Cars ,Transportation
 Document Management ,Technology
 Distributors ,Transportation
 Investment Management ,Finance & Business
 Specialty Foods ,Food & Drink
 Remediation ,Finance & Business
 Farming ,Science & Engineering & Electronics
 Electrical Distribution ,Science & Engineering & Electronics
 MMO Games ,Technology
 Billing ,Finance & Business
 Charity ,Finance & Business
 Brokers ,Finance & Business
 Sales Automation ,Technology
 Sponsorship ,Finance & Business
 iPod Touch ,Technology
 Religion ,People
 Governments ,Government
 Engineering Firms ,Science & Engineering & Electronics
 Interest Graph ,Other
 Classifieds ,Marketing
 All Students ,Education
 Electric Vehicles ,Science & Engineering & Electronics
 Environmental Innovation ,Environment
 Social Recruiting ,Finance & Business
 Nightclubs ,Leisure & Entertainment
 Forums ,News & Media & Publushing
 Alternative Medicine ,Health & Wellness
 Google Apps ,Technology
 Windows Phone 7 ,Technology
 Performance Marketing ,Marketing
 Language Learning ,Education
 Leisure ,Leisure & Entertainment
 Proximity Internet ,Technology
 Green Building ,Buildings & Infrastructure & Telecomm
 Rental Housing ,Real Estate
 WebOS ,Technology
 Browser Extensions ,Technology
 Information Security ,Technology
 Natural Resources ,Energy
 Gambling ,Leisure & Entertainment
 Consumer Internet ,Technology
 Procurement ,Finance & Business
 Meeting Software ,Finance & Business
 Recipes ,Food & Drink
 PC Gaming ,Technology
 Law Enforcement ,Finance & Business
 Data Security ,Technology
 Property Management ,Real Estate
 Sex ,Health & Wellness
 Journalism ,News & Media & Publushing
 Embedded Hardware and Software ,Technology
 Product Search ,Technology
 In-Flight Entertainment ,Leisure & Entertainment
 Shipping ,Transportation
 Funeral Industry ,People
 Indoor Positioning ,Science & Engineering & Electronics
 Sporting Goods ,Health & Wellness
 Concerts ,Leisure & Entertainment
 Music Education ,Education
 Residential Solar ,Energy
 B2B ,Finance & Business
 Discounts ,Finance & Business
 Cosmetics ,Apparel
 Social + Mobile + Local ,Technology
 Enterprise Application ,Technology
 Video on Demand ,Technology
 App Discovery ,Technology
 Wealth Management ,Finance & Business
 Supply Chain Management ,Finance & Business
 Enterprise Security ,Technology
 Translation ,Finance & Business
 Renewable Energies ,Energy
 Freemium ,Other
 Motion Capture ,Technology
 Sustainability ,Energy
 Intelligent Systems ,Technology
 Intellectual Asset Management ,Finance & Business
 Promotional ,Marketing
 Energy Efficiency ,Energy
 Heavy Industry ,Manufacturing
 Celebrity ,Leisure & Entertainment
 Virtual Workforces ,Finance & Business
 Transaction Processing ,Finance & Business
 TV Production ,Leisure & Entertainment
 Green ,Environment
 Interior Design ,Art & Fashion & Music
 Educational Games ,Education
 Comparison Shopping ,Consumer Services
 High Schools ,Education
 Synchronization ,Technology
 Internet TV ,Technology
 Unmanned Air Systems ,Science & Engineering & Electronics
 Business Information Systems ,Technology
 Innovation Management ,Finance & Business
 Corporate Wellness ,Health & Wellness
 Public Safety ,Government
 Point of Sale ,Finance & Business
 Commodities ,Finance & Business
 Speech Recognition ,Technology
 Professional Services ,Finance & Business
 Mobile Emergency&Health ,Health & Wellness
 Online Video Advertising ,Marketing
 Green Consumer Goods ,Environment
 ICT ,Technology
 Self Development ,Consumer Services
 Social CRM ,Finance & Business
 Career Planning ,Finance & Business
 Artists Globally ,Art & Fashion & Music
 Retirement ,Finance & Business
 Enterprise Resource Planning ,Technology
 Animal Feed ,Leisure & Entertainment
 Exercise ,Health & Wellness
 Specialty Retail ,Retail
 Digital Signage ,Marketing
 Algorithms ,Technology
 Web Browsers ,Technology
 NFC ,Other
 Presentations ,Finance & Business
 Guides ,Travel
 Outdoors ,Environment
 Kinect ,Other
 Mobile Coupons ,Technology
 Humanitarian ,People
 Game ,Technology
 Linux ,Technology
 Surveys ,Technology
 Geospatial ,Science & Engineering & Electronics
 Audio ,Science & Engineering & Electronics
 Online Reservations ,Food & Drink
 Golf Equipment ,Health & Wellness
 Taxis ,Transportation
 Social Television ,Leisure & Entertainment
 Skill Assessment ,Finance & Business
 Racing ,Leisure & Entertainment
 Local Coupons ,Retail
 Commercial Solar ,Energy
 Task Management ,Finance & Business
 Corporate Training ,Finance & Business
 Clinical Trials ,Biotech & Pharma
 Biotechnology and Semiconductor ,Biotech & Pharma
 Bicycles ,Health & Wellness
 Radical Breakthrough Startups ,Finance & Business
 Content Discovery ,News & Media & Publushing
 Human Resource Automation ,Technology
 Data Privacy ,Technology
 Architecture ,Buildings & Infrastructure & Telecomm
 Graphics ,Art & Fashion & Music
 Visual Search ,Technology
 Employment ,Finance & Business
 Internet Infrastructure ,Technology
 Vertical Search ,Technology
 Telephony ,Technology
 Visualization ,Technology
 Mobile Shopping ,Technology
 Mobile Video ,Technology
 Innovation Engineering ,Science & Engineering & Electronics
 Smart Building ,Environment
 Consumer Behavior ,Marketing
 Psychology ,Science & Engineering & Electronics
 App Stores ,Technology
 Product Design ,Finance & Business
 Intellectual Property ,Finance & Business
 Rapidly Expanding ,Finance & Business
 Virtual Goods ,Technology
 Cyber ,Technology
 Oil ,Energy
 Face Recognition ,Technology
 Plumbers ,Buildings & Infrastructure & Telecomm
 Lifestyle Businesses ,Finance & Business
 Families ,People
 Archiving ,Finance & Business
 Licensing ,Finance & Business
 Realtors ,Real Estate
 Offline Businesses ,Finance & Business
 Minerals ,Energy
 Film Production ,Art & Fashion & Music
 Specialty Chemicals ,Science & Engineering & Electronics
 Vacation Rentals ,Travel
 Twin-Tip Skis ,Leisure & Entertainment
 Social Innovation ,Finance & Business
 Internet Service Providers ,Technology
 Governance ,Finance & Business
 Enterprise Search ,Technology
 Systems ,Technology
 Demographies ,Science & Engineering & Electronics
 Certification Test ,Science & Engineering & Electronics
 DIY ,Leisure & Entertainment
 Employer Benefits Programs ,Finance & Business
 Doctors ,Health & Wellness
 Cosmetic Surgery ,Health & Wellness
 Neuroscience ,Science & Engineering & Electronics
 Energy IT ,Energy
 Custom Retail ,Retail
 Mac ,Technology
 Health Services Industry ,Health & Wellness
 Government Innovation ,Government
 Domains ,Technology
 Virtual Currency ,Finance & Business
 Gas ,Energy
 Cable ,Science & Engineering & Electronics
 Senior Health ,Health & Wellness
 Space Travel ,Travel
 Mechanical Solutions ,Science & Engineering & Electronics
 Entertainment Industry ,Leisure & Entertainment
 Q&A ,Finance & Business
 Mobile Analytics ,Technology
 IT Management ,Technology
 Renewable Tech ,Energy
 Professional Networking ,Finance & Business
 Enterprise 2.0 ,Technology
 Handmade ,Art & Fashion & Music
 Performing Arts ,Art & Fashion & Music
 English-Speaking ,Finance & Business
 Advertising Networks ,Marketing
 Photo Editing ,Technology
 Human Computer Interaction ,Technology
 Advertising Exchanges ,Marketing
 Google Glass ,Technology
 Material Science ,Science & Engineering & Electronics
 Home Owners ,Real Estate
 Social Media Management ,Technology
 FreetoPlay Gaming ,Technology
 High Tech ,Technology
 Software Compliance ,Technology
 Mobile Infrastructure ,Technology
 Interface Design ,Technology
 Mining Technologies ,Science & Engineering & Electronics
 Data Center Infrastructure ,Technology
 Eyewear ,Apparel
 Data Center Automation ,Technology
 Industrial Energy Efficiency ,Energy
 Online Auctions ,Finance & Business
 Internet Technology ,Technology
 Web Presence Management ,Technology
 Text Analytics ,Technology
 Music Venues ,Art & Fashion & Music
 Email Newsletters ,Technology
 Natural Gas Uses ,Energy
 Direct Sales ,Finance & Business
 Toys ,Leisure & Entertainment
 Tea ,Food & Drink
 Self Storage ,Buildings & Infrastructure & Telecomm
 Postal and Courier Services ,Transportation
 Dietary Supplements ,Food & Drink
 Writers ,News & Media & Publushing
 Fleet Management ,Transportation
 Social Opinion Platform ,News & Media & Publushing
 Contests ,Other
 Early-Stage Technology ,Technology
 Fraud Detection ,Finance & Business
 Enterprise Purchasing ,Technology
 Registrars ,Education
 Hedge Funds ,Finance & Business
 Estimation and Quoting ,Finance & Business
 EBooks ,Technology
 Lifestyle Products ,Leisure & Entertainment
 Test and Measurement ,Science & Engineering & Electronics
 Franchises ,Finance & Business
 Sunglasses ,Apparel
 Social Investing ,Finance & Business
 Baby Boomers ,People
 Reading Apps ,Technology
 Polling ,Finance & Business
 CAD ,Science & Engineering & Electronics
 Quantitative Marketing ,Marketing
 College Campuses ,Education
 Timeshares ,Travel
 Parking ,Transportation
 Multi-level Marketing ,Marketing
 Group SMS ,Technology
 Service Industries ,Finance & Business
 Natural Language Processing ,Technology
 Wind ,Energy
 Emerging Markets ,Marketing
 Gift Registries ,Leisure & Entertainment
Rehabilitation,People
Adaptive Equipment,Science & Engineering & Electronics
Optical Communications,Science & Engineering & Electronics
Building Products,Buildings & Infrastructure & Telecomm
Fuels,Energy
Motors,Transportation
Low Bid Auctions,Finance & Business
Simulation,Technology
Recreation,Leisure & Entertainment
Spam Filtering,Technology
Gold,Finance & Business
New Product Development,Finance & Business
Flowers,Art & Fashion & Music
Cloud Gaming,Technology
Soccer,Leisure & Entertainment
Gadget,Technology
UV LEDs,Science & Engineering & Electronics
Tobacco,Leisure & Entertainment
High School Students,Education
B2B Express Delivery,Finance & Business
SNS,Technology
Automated Kiosk,Technology
BPO Services,Other
Waste Management,Environment
Resorts,Travel
Film Distribution,Art & Fashion & Music
Contact Centers,Other
Infrastructure Builders,Buildings & Infrastructure & Telecomm
Baby Safety,People
Insurance Companies,Finance & Business
Land Developers,Real Estate
